id;tag;firstname;last_name;birth_date;description
1;tant;Électrique;Charpentier;2023-08-10T04:53:08;Directeur
2;énorme;cupiditate;Marie;2023-08-10T06:44:53;Technicien
3;maiores à fade;Account;Paris;2023-08-09T13:28:28;Lowrider Rustique
4;Granit;Nord;Gautier;2023-08-09T18:55:16;large paiement collègue
5;caramel bleuet Sud;Hybride;Noel;2023-08-09T10:26:52;Vélo
6;Prêt Sud;Femme;Baron;2023-08-09T15:31:25;labore Belize Bronze
7;antique Essence paiement;Électrique Electronique;Barre;2023-08-09T20:53:57;Frais Granit
8;minima oups mélancolique;Prêt accueillir;Fleury;2023-08-09T20:25:19;Femme retrait
9;raison Triporteur;neutre lavande;Lopez;2023-08-10T04:39:53;Account
10;Électrique Coton facture;vert Poulet étant;Roux;2023-08-10T06:49:26;Auvergne framboise beatae
