id;hash;count;date;status
1;Est si Taka;20222;2023-08-10T03:22:02;DECLINED
2;Chemise secouriste Nord;12675;2023-08-09T13:01:52;ACCEPTED
3;Aquitaine Monospaces;23153;2023-08-09T17:50:22;DECLINED
4;Superviseur Singlespeed;27874;2023-08-09T14:55:03;DECLINED
5;retrait facture de;14738;2023-08-09T17:40:02;DECLINED
6;Est Homme;17763;2023-08-10T05:46:26;DECLINED
7;Whike;6578;2023-08-09T16:18:46;DECLINED
8;Fait chartreuse Caoutchouc;16813;2023-08-09T15:13:37;PENDING
9;de distinctio;24370;2023-08-09T16:00:53;DECLINED
10;Account svelte Nord;27071;2023-08-09T14:54:21;PENDING
